{
  "teacher_report": {
    "0": {
      "precision": 0.45454545454545453,
      "recall": 0.07575757575757576,
      "f1-score": 0.12987012987012986,
      "support": 66.0
    },
    "1": {
      "precision": 0.7813620071684588,
      "recall": 0.9732142857142857,
      "f1-score": 0.8667992047713717,
      "support": 224.0
    },
    "accuracy": 0.7689655172413793,
    "macro avg": {
      "precision": 0.6179537308569567,
      "recall": 0.5244859307359307,
      "f1-score": 0.4983346673207508,
      "support": 290.0
    },
    "weighted avg": {
      "precision": 0.706983067605982,
      "recall": 0.7689655172413793,
      "f1-score": 0.6990843118628133,
      "support": 290.0
    }
  },
  "student_report": {
    "0": {
      "precision": 0.5,
      "recall": 0.2878787878787879,
      "f1-score": 0.36538461538461536,
      "support": 66.0
    },
    "1": {
      "precision": 0.8134920634920635,
      "recall": 0.9151785714285714,
      "f1-score": 0.8613445378151261,
      "support": 224.0
    },
    "accuracy": 0.7724137931034483,
    "macro avg": {
      "precision": 0.6567460317460317,
      "recall": 0.6015286796536796,
      "f1-score": 0.6133645765998708,
      "support": 290.0
    },
    "weighted avg": {
      "precision": 0.7421455938697318,
      "recall": 0.7724137931034483,
      "f1-score": 0.7484709002964581,
      "support": 290.0
    }
  }
}