{
  "teacher_report": {
    "0": {
      "precision": 0.45454545454545453,
      "recall": 0.07575757575757576,
      "f1-score": 0.12987012987012986,
      "support": 66.0
    },
    "1": {
      "precision": 0.7813620071684588,
      "recall": 0.9732142857142857,
      "f1-score": 0.8667992047713717,
      "support": 224.0
    },
    "accuracy": 0.7689655172413793,
    "macro avg": {
      "precision": 0.6179537308569567,
      "recall": 0.5244859307359307,
      "f1-score": 0.4983346673207508,
      "support": 290.0
    },
    "weighted avg": {
      "precision": 0.706983067605982,
      "recall": 0.7689655172413793,
      "f1-score": 0.6990843118628133,
      "support": 290.0
    }
  },
  "student_report": {
    "0": {
      "precision": 0.5161290322580645,
      "recall": 0.24242424242424243,
      "f1-score": 0.32989690721649484,
      "support": 66.0
    },
    "1": {
      "precision": 0.806949806949807,
      "recall": 0.9330357142857143,
      "f1-score": 0.865424430641822,
      "support": 224.0
    },
    "accuracy": 0.7758620689655172,
    "macro avg": {
      "precision": 0.6615394196039357,
      "recall": 0.5877299783549783,
      "f1-score": 0.5976606689291584,
      "support": 290.0
    },
    "weighted avg": {
      "precision": 0.7407630099509966,
      "recall": 0.7758620689655172,
      "f1-score": 0.7435457528967475,
      "support": 290.0
    }
  }
}