{
  "baseline_report": {
    "0": {
      "precision": 0.3299492385786802,
      "recall": 0.6842105263157895,
      "f1-score": 0.4452054794520548,
      "support": 95.0
    },
    "1": {
      "precision": 0.8734177215189873,
      "recall": 0.6106194690265486,
      "f1-score": 0.71875,
      "support": 339.0
    },
    "accuracy": 0.6267281105990783,
    "macro avg": {
      "precision": 0.6016834800488338,
      "recall": 0.6474149976711691,
      "f1-score": 0.5819777397260274,
      "support": 434.0
    },
    "weighted avg": {
      "precision": 0.7544557264053258,
      "recall": 0.6267281105990783,
      "f1-score": 0.6588727431980304,
      "support": 434.0
    }
  },
  "coral_report": {
    "0": {
      "precision": 0.45454545454545453,
      "recall": 0.2631578947368421,
      "f1-score": 0.3333333333333333,
      "support": 95.0
    },
    "1": {
      "precision": 0.8153034300791556,
      "recall": 0.911504424778761,
      "f1-score": 0.8607242339832869,
      "support": 339.0
    },
    "accuracy": 0.7695852534562212,
    "macro avg": {
      "precision": 0.634924442312305,
      "recall": 0.5873311597578016,
      "f1-score": 0.5970287836583101,
      "support": 434.0
    },
    "weighted avg": {
      "precision": 0.7363356704577234,
      "recall": 0.7695852534562212,
      "f1-score": 0.7452815253156704,
      "support": 434.0
    }
  }
}