{
  "dann_report": {
    "0": {
      "precision": 0.25477707006369427,
      "recall": 0.8421052631578947,
      "f1-score": 0.39119804400978,
      "support": 95.0
    },
    "1": {
      "precision": 0.875,
      "recall": 0.30973451327433627,
      "f1-score": 0.45751633986928103,
      "support": 339.0
    },
    "accuracy": 0.42626728110599077,
    "macro avg": {
      "precision": 0.5648885350318471,
      "recall": 0.5759198882161155,
      "f1-score": 0.4243571919395305,
      "support": 434.0
    },
    "weighted avg": {
      "precision": 0.7392369162581819,
      "recall": 0.42626728110599077,
      "f1-score": 0.4429996622041829,
      "support": 434.0
    }
  }
}